<Backups xmlns="http://www.microsoft.com/GroupPolicy/GPOOperations/Manifest" xmlns:mfst="http://www.microsoft.com/GroupPolicy/GPOOperations/Manifest" mfst:version="1.0"><BackupInst><GPOGuid><![CDATA[{EE303BCD-38CF-4D4B-9735-2581822A6E5C}]]></GPOGuid><GPODomain><![CDATA[CIS.BM]]></GPODomain><GPODomainGuid><![CDATA[{09a94884-59a0-4a2a-8795-69a6bc23c4e7}]]></GPODomainGuid><GPODomainController><![CDATA[WindowsBMDC.CIS.BM]]></GPODomainController><BackupTime><![CDATA[2020-12-22T03:26:40]]></BackupTime><ID><![CDATA[{98564187-A777-4AF5-A7CE-75B39D3BC8DF}]]></ID><Comment><![CDATA[CIS Microsoft Windows 10 Demo Build Kit - Computer Level 2 Settings]]></Comment><GPODisplayName><![CDATA[Windows 10 COMP L2 Demo Policy]]></GPODisplayName></BackupInst></Backups>