<BackupInst xmlns="http://www.microsoft.com/GroupPolicy/GPOOperations/Manifest"><GPOGuid><![CDATA[{E6ACEFB6-F476-49BC-B3E2-DF64CD1C4172}]]></GPOGuid><GPODomain><![CDATA[CIS.BM]]></GPODomain><GPODomainGuid><![CDATA[{09a94884-59a0-4a2a-8795-69a6bc23c4e7}]]></GPODomainGuid><GPODomainController><![CDATA[WindowsBMDC.CIS.BM]]></GPODomainController><BackupTime><![CDATA[2020-12-22T03:26:00]]></BackupTime><ID><![CDATA[{2CA91714-1A88-4B51-ABFC-238245F1E2EA}]]></ID><Comment><![CDATA[CIS Microsoft Windows 10 Demo Build Kit - Computer Level 1 Settings]]></Comment><GPODisplayName><![CDATA[Windows 10 COMP L1 Demo Policy]]></GPODisplayName></BackupInst>
