<BackupInst xmlns="http://www.microsoft.com/GroupPolicy/GPOOperations/Manifest"><GPOGuid><![CDATA[{18A0D0DB-5EAA-400B-BD65-04E80FA0AAFA}]]></GPOGuid><GPODomain><![CDATA[CIS.BM]]></GPODomain><GPODomainGuid><![CDATA[{09a94884-59a0-4a2a-8795-69a6bc23c4e7}]]></GPODomainGuid><GPODomainController><![CDATA[WindowsBMDC.CIS.BM]]></GPODomainController><BackupTime><![CDATA[2020-12-22T03:27:23]]></BackupTime><ID><![CDATA[{72477AB0-A77F-48E7-9806-1320471DC72F}]]></ID><Comment><![CDATA[CIS Microsoft Windows 10 Demo Build Kit - User Level 2 Settings]]></Comment><GPODisplayName><![CDATA[Windows 10 USER L2 Demo Policy]]></GPODisplayName></BackupInst>
