<BackupInst xmlns="http://www.microsoft.com/GroupPolicy/GPOOperations/Manifest"><GPOGuid><![CDATA[{551DAB91-C5BA-4D85-91FD-D04CE8384DB2}]]></GPOGuid><GPODomain><![CDATA[CIS.BM]]></GPODomain><GPODomainGuid><![CDATA[{09a94884-59a0-4a2a-8795-69a6bc23c4e7}]]></GPODomainGuid><GPODomainController><![CDATA[WindowsBMDC.CIS.BM]]></GPODomainController><BackupTime><![CDATA[2020-12-22T03:27:02]]></BackupTime><ID><![CDATA[{DF7469F5-025A-4C69-A506-BF06831D2F10}]]></ID><Comment><![CDATA[CIS Microsoft Windows 10 Demo Build Kit - User Level 1 Settings]]></Comment><GPODisplayName><![CDATA[Windows 10 USER L1 Demo Policy]]></GPODisplayName></BackupInst>
